{
    "translation_vector": [
        -2699611.707,
        -1243060.827,
        -538.4590000000001
    ],
    "shift_vector": [
        1.1000000000931323,
        11.5,
        3.1000000000000227
    ],
    "scale": 1.0,
    "voxel_indices": {
        "XI": 0,
        "YI": 52,
        "ZI": 10
    },
    "voxel_center": [
        2699611.707,
        1243060.827,
        538.4590000000001
    ]
}